10001-01,C.A.R.D./Pryor,708 SE 1st St,Pryor,OK,74361,918-825-3423
10001-06,C.A.R.D. Seniors/ Pryor,851 S E. 9th St,Pryor,OK,74018,918-341-5000
10002-01,Calvary Baptist Church,204 East Ash,Wilburton,OK,74578,918-465-3162
10004-01,Help In Crisis Shelter,1360 N. Jones,Tahlequah,OK,74464,918-456-0673
10005-01,Broken Arrow Neighbors,322 W. Broadway,Broken Arrow,OK,74012,918-251-7781
10005-02,Broken Arrow Neighbors/Backpack,400 W. New Orleans,Broken Arrow,OK,74012,918-251-7781
10007-01,Catholic Charities/Tulsa,2450 N Harvard,Tulsa,OK,74115,918-508-7166
10007-04,Catholic Charities On-Site,2450 N Harvard,Tulsa,OK,74158,918-949-4673
10010-01,Mary Martha Outreach,1845 SW 4th,Bartlesville,OK,74003,918-336-7816
10011-01,Blue Starr Church of Christ,319 E. Blue Starr,Claremore,OK,74017,918-341-5058
10013-01,Christ's Cupboard/Pawhuska,111 East 6th St,Pawhuska,OK,74056,918-287-3584
10015-01,Green Country Respite Care,6365 W. Okmulgee,Muskogee,OK,74401,918-687-1039
10017-01,Potter's Clay Mission,2208 Southwest Blvd.,Tulsa,OK,74107,918-619-3404
10017-02,Potter's Clay Mission,2208 SouthWest Blvd,Tulsa,OK,74107,918-619-3404
10018-01,Central Church of Christi/BackPack,402 W. Main Street,Haskell,OK,74436,918-482-5442
10021-01,Concern Emergency Services,333 S. Penn,Bartlesville,OK,74003,918-336-4693
10021-02,Concern Child Learning Center,1225 SW 5th Street,Bartlesville,OK,74003,918-336-8543
10022-01,Victory Worship Center,100 East Broadway,Spiro,OK,74959,918-962-3084
10023-01,Cookson Hills Center,32035 Hwy 82,Cookson,OK,74427,918-457-4304
10023-02,Cookson Hills Center,32035 Hwy 82,Cookson,OK,74427,918-457-5181
10024-01,Cookson Hills Christian School,Rt. 3 Box 200,Kansas,OK,74347,918-597-2192
10025-01,Cherokee Nation Youth Shelter,21834 S. Juan Valdez Rd,Tahlequah,OK,74465,918-458-4440
10026-01,Life Adult Day Care Center,902 East Pine,Tulsa,OK,74106,918-664-9000
10028-01,Washington/Nowata Nutrition Pr,301 East Angus,Dewey,OK,74029,918-534-1270
10033-01,Emergency Infant Services,222 S. Houston Ave,Tulsa,OK,74127,918-582-2469
10034-01,SpiritLife Church,1322 E. 55th St,Tulsa,OK,74105,918-749-9971
10035-01,Christ the Lamb Miracle Church,4635 S. Madison Pl,Tulsa,OK,74105,918-747-8551
10038-01,Salvation Army/Sand Springs,4403 S. 129th W. Ave.,Sand Springs,OK,74063,918-245-2237
10040-01,Church of St Mary,1347 East 49th Pl,Tulsa,OK,74104,918-749-2561
10044-01,Haworth Senior Citizens,103 S. Main St,Haworth,OK,74740,580-245-2369
10046-01,Boulevard Christian Church/BP,1700 W. Shawnee,Muskogee,OK,74401,918-682-7822
10047-01,Ezra House,101 W. Main,Haskell,OK,74436,918-482-2000
10048-01,Garnett Church of Christ,12000 E. 31st St.,Tulsa,OK,74146,918-663-3000
10049-01,Metropolitan Tulsa Urban Leagu,110 West 56th St N,Tulsa,OK,74110,918-584-0001
10050-01,CREOKS MHS/Okmulgee,1803 S. Wood Drive,Okmulgee,OK,74447,918-756-9250
10050-02,CREOKS MHS/Sapulpa,23 East Ross,Sapulpa,OK,74066,918-227-2016
10053-01,Living Word Family Church,225 S. Ash,Nowata,OK,74048,918-273-1208
10054-01,Gospel Tabernacle COGIC,2413 East Virgin,Tulsa,OK,74110,918-425-8881
10056-01,The Ministry Center,312 S. 33rd W Ave,Tulsa,OK,74127,918-585-5310
10060-01,Broken Bow Boys & Girls Club,210 Chata Rd,Broken Bow,OK,74728,580-584-3636
10060-04,Eagletown Boys & Girls Club,Eagletown School Dr,Eagletown,OK,74734,580-835-7377
10062-01,Victory Park Baptist Church,600 E. Harrison,McAlester,OK,74501,918-423-8477
10063-01,House of Hope,32300 S. 625 Rd,Grove,OK,74345,918-786-2930
10064-01,H O W Foundation,5649 S. Garnett Rd.,Tulsa,OK,74146,918-252-5739
10066-01,Henryetta Church of Christ,413 W. Broadway,Henryetta,OK,74437,918-652-4258
10066-02,Henryetta Church of Christ/BP,413 West Broadway,Henryetta,OK,74437,918-652-4258
10066-03,Henryetta Church of Christ On-,413 W. Broadway,Henryetta,OK,74437,918-652-4258
10067-01,Paradise Baptist Church,507 East King St,Tulsa,OK,74106,918-585-9319
10068-01,Golden Senior Citizens,Golden Townsite,Golden,OK,74737,580-420-7054
10071-01,Kendall Whittier Food Pantry,500 South College Ave,Tulsa,OK,74104,918-946-8262
10071-02,Kendall Whittier Kids' Cafe,2601 East 5th Pl,Tulsa,OK,74104,918-946-5814
10072-01,Locust Grove Ministerial Allnc,703 N. Hwy 82,Locust Grove,OK,74352,918-479-6356
10072-02,Locust Grove Minis. Allnc/BP,703 N. Hwy 82,Locust Grove,OK,74352,918-479-6356
10073-01,Love Heals Church,3388 West 61st St,Tulsa,OK,74127,918-445-2900
10074-01,Kiamichi Valley Ministerial Alliance,"900 2nd St., Ste #18",Talihina,OK,74571,918-413-5501
10075-01,Agape Mission/BackPack,309 S. Bucy,Bartlesville,OK,74003,918-336-5410
10075-02,Agape Mission On-Site,309 S. Bucy,Bartlesville,OK,74003,918-336-5410
10075-04,Agape Mission Pantry,309 South Bucy,Bartlesville,OK,74003,918-336-5410
10077-01,St Paul's Manna Meals,1430 S. Quaker Ave.,Tulsa,OK,74120,918-527-7708
10082-01,Loaves and Fishes,11321 East 19th St,Tulsa,OK,74128,918-234-8574
10082-02,Loaves & Fishes,11321 East 19th St,Tulsa,OK,74128,918-234-8574
10083-01,Zoe Institute,Hwy 82,Tahlequah,OK,74464,918-453-9778
10085-01,The Oaks R.S.C.,628 East Creek,McAlester,OK,74502,918-423-6030
10086-01,Monarch Inc.,2310 W. Broadway,Muskogee,OK,74401,918-682-7210
10086-02,Monarch/Fredonia,501 Fredonia,Muskogee,OK,74403,918-683-0124
10087-01,Salvation Army/Miami,100 D Street NE,Miami,OK,74354,918-542-3467
10089-01,Neighbors Along The Line,5000 Charles Page Blvd.,Tulsa,OK,74127,918-584-1111
10090-01,Neighbor for Neighbor,505 East 36th St North,Tulsa,OK,74106,918-425-5578
10091-01,New Lifehouse,36665 S. 510 Rd,Eucha,OK,74341,918-541-5044
10092-01,First Baptist Church/Okay,7530 N. 37th Street,Okay,OK,74446,918-850-1905
10093-01,NE OK Council on Alcoholism,130 W. Steve Owns Blvd,Miami,OK,74354,918-542-2845
10096-01,First U M C/Claremore,1615 N. Hwy 88,Claremore,OK,74017,918-341-4580
10097-01,Wagoner Community Outreach,700 SW 13th,Wagoner,OK,74467,918-485-8777
10097-02,Wagoner Community On-Site,700 SW 13th Street,Wagoner,OK,74467,918-485-6830
10098-01,Youth Services of Osage County,1616 McKenzie,Pawhuska,OK,74056,918-287-2881
10099-01,Panama Senior Citizens,311 Main Street,Panama,OK,74951,918-963-4346
10100-01,Ottawa Co. Nutrition Coalition,33 N. Main,Miami,OK,74354,918-542-9676
10101-01,Owasso Baptist Children's Home,12700 E. 76th St. N.,Owasso,OK,74055,918-272-2233
10103-01,DOC Services/Grove,341 O'Daniel Parkway,Grove,OK,74344,918-542-6670
10103-02,DOC Services/Miami,2104 Denver Harner Drive,Miami,OK,74355,918-542-6671
10105-02,ROCMND Group Home,55250 South 130 Rd,Miami,OK,74354,918-540-1563
10106-01,Shared Blessings,1558 South Main,McAlester,OK,74501,918-423-8624
10106-02,Shared Blessings/Backpack,1558 S. Main Street,McAlester,OK,74502,918-423-8624
10107-01,St Clements Comm Outreach,15501 S Memorial,Bixby,OK,74008,918-366-9721
10108-01,Hulah Lake Senior Center,1924 County Road 3575,Pawhuska,OK,74056,918-336-1870
10109-01,Prue Senior Citizens,202 Wah Gra See Way,Prue,OK,74060,918-242-3640
10110-01,Salvation Army/TSSC,102 N. Denver,Tulsa,OK,74103,918-582-7201
10111-01,Salvation Army/ARC,601 North Main,Tulsa,OK,74101,918-583-6119
10113-01,Salvation Army/McAlester,"400 N ""A"" Street",McAlester,OK,74501,918-423-5668
10114-01,Salvation Army/Muskogee,615 South Main,Muskogee,OK,74402,918-682-3384
10116-01,South Tulsa Community House,1208 E. 58th St.,Tulsa,OK,74105,918-742-5597
10120-01,Christian H.E.L.P. Center,1703 Hwy10 East,Grove,OK,74345,918-786-6798
10123-01,Christview Christian Church,2525 S. Garnett Rd.,Tulsa,OK,74129,918-663-6533
10127-01,Arms Around BA,700 W. Ft Worth,Broken Arrow,OK,74012,918-258-7714
10130-01,Timothy Baptist/Operation PIN,821 E. 46th Street N.,Tulsa,OK,74126,918-425-5348
10131-01,Tulsa Day Center for Homeless,415 W. Archer Ave.,Tulsa,OK,74103,918-583-5588
10132-01,Marble City Community Pantry,Main & Seminole,Marble City,OK,74945,918-487-5255
10133-01,Iron Gate Trust,501 S. Cincinnati Ave.,Tulsa,OK,74103,918-582-4128
10133-02,Iron Gate,501 S. Cincinnati,Tulsa,OK,74103,918-359-9039
10134-01,Tulsa Boys Home,2727 S 137th W Ave,Sand Springs,OK,74063,918-245-0231
10135-01,Tulsa C.A.R.E.S.,3507 E. Admiral Pl.,Tulsa,OK,74115,918-834-4194
10136-01,Catholic Charities/Sallisaw,409 N. Adams,Sallisaw,OK,74955,918-775-6111
10137-01,World Won Ministry,1125 East 36th St N,Tulsa,OK,74106,918-425-5030
10138-01,Sugarloaf Christian Fellowship,35204 Midway Rd,Poteau,OK,74953,918-658-3892
10138-02,Sugarloaf On-Site,35204 Midway Rd,Poteau,OK,74953,918-658-3892
10140-01,St Jerome's,205 West King,Tulsa,OK,74106,918-277-1962
10141-01,Twelve & Twelve Transition Hse,6333 E. Skelly Dr.,Tulsa,OK,74135,918-664-4224
10143-01,United Methodist Boys Ranch,97332 Hwy 10A,Gore,OK,74435,918-487-5281
10144-01,Restore Hope Ministries,2960 Charles Page Blvd.,Tulsa,OK,74127,918-582-5766
10147-01,Western Neighbors,4235 SW Blvd,Tulsa,OK,74107,918-445-8840
10148-01,DaySpring Villa Women's Shelte,7802 West 7th Street,Tulsa,OK,74127,918-245-4075
10152-01,Youth Services of Tulsa,1011 East 4th Street,Tulsa,OK,74120,918-382-4450
10153-01,Pryor Ministries Center,15 SW 3rd Street,Pryor,OK,74362,918-373-1697
10154-01,Checotah Methodist Mission,419 W. Gentry,Checotah,OK,74426,918-473-1999
10156-01,Cornerstone Free Will Bapt. Ch,7770 N. Whirlpool Dr.,Sperry,OK,74073,918-274-3918
10156-02,Cornerstone Free Will Bapt. Ch,7770 N. Whirlpool Dr.,Sperry,OK,74073,918-274-3918
10157-01,Deep Fork Comm. Action Agency,223 West 6th,Okmulgee,OK,74447,918-756-2826
10157-02,Deep Fork CAF/Eufaula,627 Alexander Suite 105,Eufaula,OK,74432,918-689-3132
10158-01,First United Methodist/Depew,8th & Malley,Depew,OK,74028,918-324-5385
10160-01,Volunteers of America,9605 East 61st Street,Tulsa,OK,74133,918-307-3047
10163-01,First United Meth. Ch./Bixby,14 East Dawes,Bixby,OK,74008,918-366-4463
10164-01,Kiowa Emergency Food Pantry,Rt 1 Box 266-20,Kiowa,OK,74553,918-432-5900
10167-01,Catholic Charities/Muskogee,1220 W. Broadway,Muskogee,OK,74401,918-681-6115
10171-01,Moon Church of God Pantry,Rt 1 Box 51,Moon,OK,74740,580-245-1219
10171-02,Moon Church of God On-Site,Hwy 3,Moon,OK,74740,580-245-1219
10172-01,Life Changer Church,2221 Cornerstone Ave,Claremore,OK,74017,918-341-8344
10173-01,Owasso Community Resources,"109 N. Birch, Suite 109",Owasso,OK,74055,918-272-4969
10176-01,MCM Meals On Wheels,2130 W. Okmulgee Ave,Muskogee,OK,74403,918-687-7990
10178-01,Wright City Senior Citizens,1000 N. Norwood,Wright City,OK,74766,580-212-2724
10179-01,First Baptist Church/Drumright,229 S. Ohio Ave,Drumright,OK,74030,918-352-2559
10179-02,FBC Drumtight/BP,229 South Ohio,Drumright,OK,74030,918-352-2559
10180-01,Mt. Zion H E L P  Project,419 N. Elgin Ave.,Tulsa,OK,74120,918-584-0510
10182-01,John 3:16 Family Ministry,2027 N. MLK Dr(Cincinnati Ave),Tulsa,OK,74106,918-592-1186
10182-02,John 3:16 Mission Inc.,506 N. Cheyenne Ave.,Tulsa,OK,74103,918-587-1187
10183-01,Hospice of Green Country,"1120 S Boston, Suite 200",Tulsa,OK,74119,918-747-2273
10184-01,Evening Shade Community Center,"Rt 1, Box 205-1",Vian,OK,74962,918-773-5242
10185-01,Springs Inc.,222 N. Main,Sand Springs,OK,74063,918-241-0236
10186-01,Nueva Esperanza UMC,1027 N. Harvard Ave,Tulsa,OK,74115,918-409-9208
10187-01,Trinity Full Gospel Church,117 South Willow,Nowata,OK,74048,918-273-3736
10188-01,KiBois CAF Pantry/Poteau,108 North Witte,Poteau,OK,74953,918-839-7405
10189-01,Sapulpa SDA Church,201 S. Linden,Sapulpa,OK,74066,918-267-8018
10190-01,Women In Safe Homes,424 Tower Hill,Muskogee,OK,74401,918-682-7879
10190-02,Women in Safe Homes/Pantry,514 M.L.K.,Muskogee,OK,74402,918-682-7879
10191-01,CRSOK,7010 S. Yale Ave. Suite 107,Tulsa,OK,74136,918-492-2554
10193-01,Pioneer Free Will Baptist Ch.,Hwy 71 Rt1,Porum,OK,74462,918-484-2486
10195-01,Boys & Girls Club Bartlesville,401 S. Seminole Ave,Bartlesville,OK,74403,918-336-3636
10198-01,Colberts Community Resource,4936 N Johnstown,Tulsa,OK,74126,918-425-4847
10199-01,Honobia Senior Citizens,Hnobia Circle,Honobia,OK,74549,918-755-4339
10200-01,Christ For Humanity,6314 East 13th St,Tulsa,OK,74112,918-836-2424
10201-01,Jubilee Christian Center,12430 N. 230 Rd,Okmulgee,OK,74447,918-756-5338
10205-01,First Assembly of God,200 W. Sequoyah St,Muldrow,OK,74948,918-427-4091
10206-01,Helping Hand Ministry,712 S. Boston Ave.,Tulsa,OK,74119,918-645-5100
10207-01,Bristow Presbyterian Church/BP,200 West 6th Street,Bristow,OK,74010,918-367-3169
10208-02,Muskogee SDA Church/BackPack,170 N. Country Club,Muskogee,OK,74403,918-682-5602
10210-01,Meals On Wheels/Metro Tulsa,12620 E. 31st St.,Tulsa,OK,74146,918-627-4103
10211-01,Sand Springs Community Service,15 E. 2nd St.,Sand Springs,OK,74063,918-245-5183
10213-01,Claremore SDA Church,20555 s. 4170 Rd,Claremore,OK,74018,918-341-7873
10216-02,EOYS Detention Center,1208 N. West Street,McAlester,OK,74501,918-426-1585
10220-01,Grace Community Church,19179 193 Ave,Spiro,OK,74959,918-962-3939
10221-01,First Baptist Church/Antlers P,"208 N.E. ""B"" St.",Antlers,OK,74523,580-298-5701
10221-02,First Baptist Church/Antlers,"208 N.E. ""B"" St.",Antlers,OK,74523,580-298-5701
10221-03,First Baptist Church/Backpack,"208 NE ""B"" Street",Antlers,OK,74523,580-298-3374
10222-01,Crosstown Pentecostal Holiness,1206 W. 5th,Okmulgee,OK,74447,918-756-2442
10224-01,Parent Child Center,1421 S. Boston Ave.,Tulsa,OK,74119,918-599-7999
10224-02,Parent-Child Center Pantry,1421 S. Boston,Tulsa,OK,74119,918-599-7999
10226-01,Members in Christ/Vian,North Hwy 82,Vian,OK,74962,918-773-3068
10229-01,Muskogee Youth Services/MCCOYS,4009 Eufaula Ave.,Muskogee,OK,74403,918-682-2841
10231-01,St Thomas More Catholic Church,2720 South 129th E Ave,Tulsa,OK,74134,918-624-1013
10232-01,Daystar Community Services,18 West Ash,Stilwell,OK,74960,918-696-3185
10234-01,"Kiamichi Youth Services, Inc.",1310 SE Washington St,Idabel,OK,74745,580-286-6671
10235-01,McAlester Group Home,504 E. Buchanan,McAlester,OK,74501,918-423-6573
10236-01,First Christian Ch. McAlester,300 E. Carl Albert Pkwy,McAlester,OK,74501,918-423-1500
10236-02,First Christian Ch. Pantry,300 E. Carl Albert Pkwy,McAlester,OK,74501,918-423-1500
10237-01,Craig County Salvation Army,224 W. Sequoyah Ave,Vinita,OK,74301,918-256-2037
10240-01,Hospitality House of Oklahoma,635 Short Stonewall Ave,McAlester,OK,74501,918-429-0142
10243-01,Safe Haven Yale,4650 E. Admiral Pl,Tulsa,OK,74115,918-467-6267
10245-01,"First UMC, McAlester",1501 South 13th Street,McAlester,OK,74501,918-423-6136
10248-01,Craig County Detention Center,1540 N Industrial Ave,Vinita,OK,74301,918-256-6488
10249-01,Broken Arrow Assembly,118 E. Commercial,Broken Arrow,OK,74012,918-251-6679
10250-01,Ark of Faith Foundation,401 E. Broadway,Muskogee,OK,74403,918-682-8411
10250-02,Ark of Faith Foundation,401 E. Broadway,Muskogee,OK,74403,918-682-8411
10254-01,Red Fork Baptist Church,2821 W. 40th St.,Tulsa,OK,74107,918-508-7660
10257-01,Palmer Continuum of Care,2442 E. Mohawk Blvd.,Tulsa,OK,74110,918-430-0975
10258-01,Oaks Indian Center,155 N. Military Rd,Oaks,OK,74359,918-868-2886
10259-01,Gene Heathcock Community Center,85 Main Street,Krebs,OK,74554,918-426-0377
10260-01,Boys & Girls Club/Sequoyah Co,111 N. Elm,Sallisaw,OK,74955,918-775-4659
10265-01,New Faith/Crestview,3535 N. Cincinnati Ave.,Tulsa,OK,74106,918-430-0030
10266-01,Two Rivers NATC,14248 Hectorville Rd,Mounds,OK,74247,918-366-6735
10269-01,Abundant Rain Ministries,12517 S. 273rd E. Ave,Coweta,OK,74429,918-902-7201
10271-01,Youth & Family Services,6111 SE Nowata,Bartlesville,OK,74006,918-335-3302
10272-01,The Hope Center,199 South College,Westville,OK,74965,918-723-4673
10273-01,Harvest House,1439 E. 71st St.,Tulsa,OK,74136,918-492-5511
10274-01,LeFlore County Youth Services,501 Sage,Poteau,OK,74953,918-647-4196
10275-01,Women's Crisis Services,1006 Dewey,Poteau,OK,74953,918-647-2810
10276-01,St Paul UMC/BP,2130 W. Okmulgee,Muskogee,OK,74401,918-687-7571
10278-01,Sheridan Road Baptist Church,1324 N. Sheridn Rd,Tulsa,OK,74115,918-627-3763
10280-01,First Baptist Church/Muskogee,111 S. 7th St.,Muskogee,OK,74401,918-683-0962
10280-02,First Baptist Church/Backpack,111 South 7th,Muskogee,OK,74401,918-683-0962
10281-01,Indianola Senior Citizens,305 South Street,Indianola,OK,74442,918-823-4577
10282-01,Wilburton Group Home,210 S.W. 9th,Wilburton,OK,74578,918-465-2063
10284-01,Bixby Community Outreach Center,4 East Dawes,Bixby,OK,74008,918-366-9226
10287-01,Christ's Cupboard/Hominy,118 S. Wood Ave,Hominy,OK,74035,918-885-2710
10291-01,First Baptist Ch./Broken Bow,505 N. Broadway,Broken Bow,OK,74728,580-584-6353
10292-01,Park Plaza Church of Christ,5925 E. 51st St.,Tulsa,OK,74135,918-895-6816
10293-01,Soper Senior Citizens,411 Paris Ave,Soper,OK,74759,580-345-2803
10294-01,Rattan Senior Citizens Center,Hwys 3 & 93,Rattan,OK,74562,580-587-2395
10298-01,Depew Senior Citizens Center,412 Main Street,Depew,OK,74028,918-324-5485
10299-01,Hand to Hand,18 SE Jefferson,Idabel,OK,74745,580-286-3133
10303-01,The Joseph Project,405 E. Main,Stigler,OK,74462,918-967-3932
10305-02,Sobol Baptist Church,Hwy 3,Sobol,OK,74735,580-587-2459
10306-01,"Our House, Too",203 N. Nogales Aver,Tulsa,OK,74127,918-585-9552
10310-01,Jenks Church of Christ,1529 West 49th Street,Tulsa,OK,74107,918-299-2043
10312-01,Bristow Social Services Inc.,206 S Main,Bristow,OK,74010,918-606-1687
10315-01,Safe Haven,12 East 12th St,Tulsa,OK,74119,918-497-6267
10318-01,Rogers County Youth Services,2680 N Hwy 88,Claremore,OK,74017,918-341-7580
10319-01,Okmulgee Co. Family Resource Ctr.,1501 S. Creek,Okmulgee,OK,74447,918-756-2549
10320-01,Anchor of Hope Pantry,705 N. Quaker Ave.,Tulsa,OK,74106,918-734-0371
10320-02,Anchor of Hope Fellowship,705 N. Quaker Ave.,Tulsa,OK,74106,918-734-0371
10321-01,"Kibois Community Action, Inc.",309 W. Main,Wilburton,OK,74578,918-465-3381
10324-01,Bethel SDA Comm. Service,1365 E. 46th St N,Tulsa,OK,74148,918-425-2771
10325-01,ARC Group Homes,616 East 4th,Bartlesville,OK,74005,918-336-5928
10327-01,Crosstown Church of Christ,3400 E. Admiral Pl,Tulsa,OK,74115,918-834-1395
10328-01,New Beginnings Assembly of God,19040 Oakwood Street,Spiro,OK,74959,479-459-0590
10330-01,S.T.E.P.S. Resource Center,4301 S. Union Ave,Tulsa,OK,74107,918-447-1989
10331-01,North Miami First Baptist Ch.,600 Olive,North Miami,OK,74358,918-675-4856
10332-01,Good Samaritan Ministries,715 S. Highway 88,Claremore,OK,74017,918-343-4357
10333-01,Tulsa Indian UMC,1901 N. College Ave,Tulsa,OK,74110,918-834-1956
10336-01,Adair County Resource Center,110 2nd Street,Stilwell,OK,74960,918-696-2715
10336-02,Adair Co Resource Center/BP,10 South Second,Stilwell,OK,74960,479-263-4693
10337-01,Bread of Life/Tahlequah,325 East Ward,Tahlequah,OK,74464,918-456-2633
10338-01,Poteau Church of Christ,20690 292 Street,Poteau,OK,74953,918-647-4873
10339-01,John 6:13/All Sts Episcopal Ch,325 E. Washington,McAlester,OK,74501,918-423-0740
10340-01,Fanshawe Freewill Baptist Ch.,36800 Hwy 270,Fanshawe,OK,74935,918-839-0747
10343-01,Colcord Senior Citizens,192 W. Senior St,Colcord,OK,74338,918-326-4536
10344-01,Grace Cottage,311 N. Witte,Poteau,OK,74953,918-649-3737
10347-01,First Baptist Church/Heavener,200 West Ave. C,Heavener,OK,74937,918-653-7788
10352-01,Oasis Inc. Adult Day Services,"5525 E. 51st Street, Ste 400",Tulsa,OK,74135,918-749-6969
10355-01,Camp Fire East,706 S. Boston Ave,Tulsa,OK,74119,918-592-2267
10356-01,St Anthony Catholic Church,575 S. Morton Ave,Okmulgee,OK,74447,918-756-4385
10358-01,Miami Tribal Nutrition Center,2307 W. Newman Rd,Miami,OK,74355,918-542-7377
10363-01,Walker Hall,1729 S. Baltimore,Tulsa,OK,74119,918-599-0532
10364-01,Victory Christian Center,8138 S. Delaware,Tulsa,OK,74137,918-491-7978
10368-01,OK United Meth. Children's Home,7 Mathes Park Dr.,Tahlequah,OK,74464,918-456-6166
10370-01,Jay Senior Citizens Center,816 Main St,Jay,OK,74346,918-253-8405
10371-04,F&CS Headstart Pantry,302 West 8th St,Tulsa,OK,74119,918-281-8569
10371-05,F&CS North O.S.,3604 N. Cincinnati,Tulsa,OK,74106,918-425-4200
10371-06,F&CS North E.F.,3604 N. Cincinnati,Tulsa,OK,74106,918-425-4200
10371-09,F&CS Midtown,2325 S. Harvard #400,Tulsa,OK,74119,918-513-8311
10371-13,F&CS Women in Recovery,2325 South Harvard,Tulsa,OK,74114,918-557-7405
10371-14,F&CS Women in Recovery OS,650 South Peoria,Tulsa,OK,74120,918-425-4200
10371-15,F&CS PSR Pantry,3604 N. Cincinnati,Tulsa,OK,74106,918-289-0500
10372-01,Parkside Pantry,1620 East 12th,Tulsa,OK,74120,918-582-2131
10372-03,Parkside/TCAT North,1220 S Trenton,Tulsa,OK,74120,918-582-2131
10372-04,Parkside TCAT South,1220 S. Trenton,Tulsa,OK,74120,918-582-2131
10374-01,NATL/ Tulsa Works,5000 Charles Page Blvd.,Tulsa,OK,74127,918-584-1111
10377-01,Bethel Baptist Church,303 Wann St,Wister,OK,74966,918-655-7547
10378-01,Souls Harbor Church,418 S. 193rd E. Ave.,Tulsa,OK,74108,918-266-1110
10379-01,B&GC of Green Country,1111 SE 9th Street,Pryor,OK,74361,918-825-9843
10379-02,B&GC of Green Country/BP,1111 SE 9th Street,Pryor,OK,74361,918-824-1908
10381-01,Ribbon of Blue Ministries,1407 W. Bowen Pl,Tulsa,OK,74127,918-584-4339
10382-01,First Baptist Church/Sapulpa,200 S. Elm,Sapulpa,OK,74066,918-224-4100
10387-01,Standing in the Gap,302 East 5th Suite E,Owasso,OK,74055,918-857-9470
10388-01,Calvary Baptist Ch Boy's Ranch,RR2 Box1497,Checotah,OK,74426,918-689-3442
10389-01,Homelife Association/Alpha,8228 S. Elwood,Tulsa,OK,74132,918-299-4827
10389-02,Homelife Association/Beta,7605 E. 69th St,Tulsa,OK,74133,918-745-1114
10391-01,God's Helping Hands/LAMA,107 McKinley St,Eufaula,OK,74432,918-689-1800
10393-01,Kansas Senior Center,160 S. Cherokee St,Kansas,OK,74347,918-868-2593
10397-01,Members In Christ Assem/Tul,401 S. 41st W. Ave,Tulsa,OK,74127,918-260-7679
10402-01,Faith Mission IGC,3210 A S. Norwood,Tulsa,OK,74135,918-496-8403
10405-01,Higher Esteem,205 E. Pine St Suite 501,Tulsa,OK,74106,918-425-4357
10414-01,Home of Hope,960 W Hope Road,Vinita,OK,74301,918-256-7825
10415-01,First Baptist Church/BP,311 W. 5th Street,Okmulgee,OK,74447,918-756-7880
10415-02,First Baptist Church,205 Este Cate Road,Okmulgee,OK,74447,918-756-7880
10424-01,Leonard United Methodist Churc,16820 South 159th E Ave,Leonard,OK,74043,918-637-2365
10425-01,Gatesway Foundation,1217 E. College St,Broken Arrow,OK,74012,918-855-4477
10426-01,Salvation Army/Bartlesville,101 N. Bucy Ave.,Bartlesville,OK,74003,918-336-6454
10426-02,Salvation Army/Bartlesville,101 N. Bucy Ave.,Bartlesville,OK,74003,918-336-6454
10430-01,New Birth Tabernacle UPC,3210 E. Tecumseh St,Tulsa,OK,74110,918-812-2095
10431-01,The Dream Center,200 West 46th St N.,Tulsa,OK,74126,918-430-9984
10432-01,"Center Point, Inc",3637 N. Lewis Ave,Tulsa,OK,74110,918-425-7500
10432-02,Center Point Osage,1755 West 53rd St N,Tulsa,OK,74055,918-346-6738
10435-01,Lighthouse Family Worship Ctr.,Hwy 123 & 11 Junction,Barnsdall,OK,74002,918-847-2385
10437-01,Catholic Charities/Poteau,502 N Bagwell St,Poteau,OK,74953,918-963-2355
10438-01,Shirley Cook Mem Food Bank,200 South 7th,Barnsdall,OK,74002,918-847-2798
10439-01,First United Meth. Ch/Okmulgee,302 S. Seminole,Okmulgee,OK,74447,918-756-6085
10440-01,Housing Partners of Tulsa,3601 N. Quaker,Tulsa,OK,74106,918-581-5985
10441-01,Manna House,4921 E. Admiral Pl.,Tulsa,OK,74115,918-274-8242
10448-01,McAlester Care Center,1904 NW Crisler Street,Krebs,OK,74554,918-423-0032
10450-01,Sawyer Senior Citizens Ctr.,Hwy 70/147 North,Sawyer,OK,74756,580-326-5226
10453-01,Caring Community Friends,12 W Burnham,Sapulpa,OK,74066,918-224-6464
10453-02,Caring Community Friends/BP,12 W. Burnham,Sapulpa,OK,74167,918-224-6464
10456-01,Landmark Bible Church,221 S. Broadway,Haskell,OK,74436,918-482-9289
10459-01,"Crossroads, Inc.",1888 E. 15th St.,Tulsa,OK,74104,918-749-2141
10460-01,First Baptist Church/Tulsa,305 S. Detroit,Tulsa,OK,74103,918-260-5226
10461-01,Eagletown Senior Citizens Ctr.,126 East HWY 70,Eagletown,OK,74734,580-835-7358
10463-01,Grand Lake Community Ministry,268 W. Broadway,Langley,OK,74350,918-782-3258
10465-01,Okmulgee Co. Homeless Shelter,214 N. Morton,Okmulgee,OK,74447,918-756-9098
10471-01,Wagoner Area Neighbors,100 NW 8th,Wagoner,OK,74467,918-485-2309
10473-01,Tulsa County Social Services,2401 Charles Page Blvd.,Tulsa,OK,74127,918-596-5560
10480-01,KIBOIS CAF Women's Shelter,605 NE 2nd Street,Stigler,OK,74462,918-967-2512
10481-01,MCM Community Pantry,501 W. Broadway,Muskogee,OK,74403,918-683-3593
10482-01,Special Kids,551 North 28th West Ave,Tulsa,OK,74127,918-836-9464
10484-01,Triumph Worship Center,2125 West 181st Street,Mounds,OK,74047,918-827-6511
10485-01,FUMC Sapulpa/BP,1401 East Taft,Sapulpa,OK,74066,918-224-3006
10485-02,FUMC Sapulpa,1401 East Taft,Sapulpa,OK,74066,918-224-3006
10487-01,"Care Food Pantry, Inc.",220  N Muskogee Ave,Tahlequah,OK,74464,918-458-5338
10487-02,Care Food Pantry Backpack,800 E. Goingsnake,Tahlequah,OK,74464,918-207-2533
10489-01,Kiamichi Opportunities,404 North 16th Street,Hugo,OK,74743,580-326-8343
10490-01,Memorial Drive Ch. of Christ,747 S. Memorial Dr.,Tulsa,OK,74112,918-838-1621
10493-01,Vinita Senior Citizen Ctr.,222 W. Sequoyah Ave.,Vinita,OK,74301,918-256-7696
10494-01,Abounding Faith Ministries Inc,410 M Street NW,Miami,OK,74358,918-542-4169
10497-01,Calvary Temple Assembly of God,4701 W. Edison,Tulsa,OK,74149,918-587-9431
10498-01,Jesus' Helping Hands,720 West Gentry,Checotah,OK,74426,918-473-7773
10500-01,American Red Cross,10151 E. 11th St.,Tulsa,OK,74128,918-831-1214
10502-01,Courtyard Church,300 East 2nd,Skiatook,OK,74040,918-812-1432
10503-01,Rivers of Water Harvest,Hwy 3 West,Antlers,OK,74523,580-298-7875
10505-01,VCC Overcomers Group,200 West 46th St N.,Tulsa,OK,74126,918-491-7895
10506-01,Hutcherson Family YMCA,1120 East Pine,Tulsa,OK,74106,918-728-3957
10507-01,Oologah United Methodist/BP,5834 East 410 Rd,Oologah,OK,74053,918-443-2457
10507-02,Oologah United Methodist Ch.,5834 E. 410 Rd,Oologah,OK,74053,918-443-2457
10509-01,Broken Arrow Church of Christ,505 East Kenosha,Broken Arrow,OK,74012,918-258-9602
10509-02,Broken Arrow Church of Christ,505 E. Kenosha,Broken Arrow,OK,74012,918-258-9602
10510-01,Sharing Hope in Hugo,400 W. Bissell Street,Hugo,OK,74743,580-326-2338
10511-01,Morton Health Services,1334 N. Lansing,Tulsa,OK,74106,918-295-6170
10513-01,Community FWB Church,2700 Choctaw Rd,Pocola,OK,74902,918-647-6637
10515-01,First Presbytterian Church/BP,204 S. Costilow St,Broken Bow,OK,74728,580-584-6111
10516-01,Glenpool Outreach Center,596 West 141st Street,Glenpool,OK,74033,918-321-2300
10517-01,Immanuel So Baptist Church,611 N. Gertrude,Wagoner,OK,74467,918-485-5115
10518-01,Destiny Family Church,1500 N. Highway 69,Wagoner,OK,74467,918-485-8105
10519-01,First UMC/Muskogee,600 E. Okmulgee,Muskogee,OK,74403,918-869-0938
10520-01,Beaver Street Baptist Church,102 West Beaver St,Jenks,OK,74037,918-299-1257
10521-01,Bethel Baptist Church/Sallisaw,124 N. Wheeler Ave,Sallisaw,Ok,74955,918-775-5812
10523-01,"Christ's Food Center, Inc.",60591 Cliff Lane (Big Cedar),Hodgen,OK,74939,918-869-2047
10523-02,Christ's Food Center/Backpack,60591 Cliff Lane,Hodgen,OK,74939,918-839-2047
10526-01,Ash Street Baptist CHurch/BP,1521 Ash Street,Muskogee,OK,74403,918-869-9996
10527-01,Holy Highway Evangelistic Ctr,1019 East 54th St N,Tulsa,OK,74126,918-629-6621
10529-01,Carsyn's Closet/BP,1096 SE 8th,Kiowa,OK,74553,918-432-5857
10530-01,The People's Pantry,4739 East 5th Street,Tulsa,OK,74112,918-834-2274
10531-01,Hope House of McAlester,1210 East Cherokee,McAlester,OK,74501,918-423-4673
10532-01,Valliant Food Bank,612 North Dalton,Valliant,OK,74764,580-933-4366
10532-02,Valliant Food Bank Backpack,612 N. Dalton,Valliant,OK,74764,580-768-9030
10533-01,A Third Place,5920 N. Owasso,Turley,OK,74126,918-794-4673
10535-01,FUMC Grove/BP,1005 Leisure Road,Grove,OK,74345,918-815-9814
10536-01,Guts Church Pantry,9120 East BA Expressway,Tulsa,OK,74145,918-622-3927
10537-01,Templo Cristiano,8718 East 41st St,Tulsa,OK,74145,918-734-0136
10539-01,Quinton United Methodist/BP,201 J Street,Quinton,OK,74561,918-452-2138
10540-01,Crossroads Baptist Church,6962 Happy Camp Road,Beggs,OK,74421,918-267-4720
10541-01,Springdale Baptist Church,1511 North Lewis,Tulsa,Ok,74110,918-585-9472
10543-01,Chandler Rd Ch of Christ/BP,3507 Chandler Rd,Muskogee,OK,74403,918-682-3348
10545-01,The Purple Door,416 S. Frankfort,Tulsa,OK,74120,918-576-6601
10546-01,Claremore Meals on Wheels,715 E. McClellan,Claremore,OK,74017,918-342-2006
10547-01,Gore United Methodist Church,4th and Wynn,Gore,OK,74435,918-489-5313
10548-01,Eagle Heights Christian Center,104 S. Hickory,Dewar,OK,74431,918-652-3444
10549-01,Conner Street Senior Citizens,485 North Main St,Fairland,OK,74343,918-676-3012
10550-01,Isaiah 58 Ministries,4340 Rd Hwy 66,Vinita,OK,74301,918-697-9103
10552-01,Church in Power,5710 East 11th Street,Tulsa,OK,74112,918-835-1525
10553-01,Lakeside Baptist Church/BP,219 Evans Avenue,Mannford,OK,74044,918-865-4576
10555-01,GLMHC Afton,138 South Main,Afton,OK,74331,918-857-0769
10556-01,Bethany Presbyterian Church/BP,2000 E. Haskell Blvd,Muskogee,OK,74403,918-682-8683
10557-01,Eastern Heights Baptist Ch/BP,2401 Haskell Blvd,Muskogee,OK,74403,918-683-5319
10558-01,Kingdom Life Community Church,130 North Main Street,Porter,OK,74454,918-483-3111
10559-01,Living Water Food Pantry,8th and Choctaw,Clayton,OK,74536,918-569-4752
10561-01,FFATC,5250 South 592 Rd,Miami,OK,74354,918-674-2252
10562-01,Catholic Charities/St Jude,109 E Washington St,McAlester,OK,74501,918-423-7707
10563-01,Eastland Assembly of God,12310 East 21st Street,Tulsa,OK,74129,918-437-2590
10564-01,CAAIR,40152 South 700 Rd,Jay,OK,74346,918-529-8609
10565-01,Victory Worship COGOP,"N 3rd and ""N"" Street",Quinton,OK,74561,918-647-5936
10566-01,New Hope Camp,501 S. Cincinnati,Tulsa,OK,74103,918-508-5932
10568-01,Northstar Storehouse,114 South Mill Street,Pryor,OK,74361,918-825-2885
10569-01,Belview Baptist Church,1040 North Yale,Tulsa,OK,74115,918-810-7134
10570-01,Dividing Bread Ministry/BP,601 N. Katy Street,Hominy,OK,74035,918-759-8211
10570-02,Dividing Bread Pantry,115 S. 11th Street,Collinsville,OK,74021,918-759-8211
10570-03,Dividing Bread Ministry/Hominy,201 West Maple Street,Hominy,OK,74035,918-352-1067
10571-01,Victory Worship Center/Colcord,6899 Hwy 412,Colcord,OK,74338,918-408-4272
10571-02,Victory Worship Center/Colcord,6899 Hwy 412,Colcord,OK,74338,918-408-4272
10572-01,In the Spirit Christian Church,1020 S. Garnett,Tulsa,OK,74128,918-836-6823
10573-01,Highland Park Christian Church,5717 East 32nd Street,Tulsa,OK,74135,918-851-5676
10576-01,God's Helping Hands,450268 Neosho Blvd,Afton,OK,74331,918-782-4944
10577-01,Northwest Baptist Church,1030 H Street NW,Miami,OK,74354,918-542-4736
10580-01,Grand Lake MHC/Grove,1115 Harber Road,Grove,OK,74344,918-857-0800
10581-01,Boys & Girls Club/Nowata,300 South Pine,Nowata,OK,74148,918-273-1007
10583-01,Islamic Society of Tulsa,4630 S. Irvington Ave,Tulsa,OK,74135,918-622-6797
10584-01,Kibois CAF/Sallisaw,2334 E. Cherokee Suite 1,Sallisaw,OK,74955,918-776-0848
10585-01,Eufaula PTA,1705 West J M Bailey Hwy,Eufaula,OK,74432,918-617-0889
10586-01,Ottawa Tribe/Adawe Center,10 North 69A,Miami,OK,74355,918-540-1536
10587-01,Common Ground Church,7810 East 49th,Tulsa,OK,74145,918-289-8864
10588-01,Vian Peace Center Pantry,604 W. Schley,Vian,OK,74962,479-739-5351
10589-01,FUMC Fairland/BP,120 West Church Avenue,Fairland,OK,74343,918-676-3628
10593-01,Passion of Jesus Food Pantry,500-A 4th Street,Bartlesville,OK,74006,918-440-5526
10594-01,Pawhuska Backpack,101 East 12th St,Pawhuska,OK,74056,580-320-9425
10595-01,First Baptist Church/Quapaw,419 Kentucky Street,Quapaw,OK,74363,918-674-2788
10597-01,McLain Mentors,4929 N. Peoria Ave,Tulsa,OK,74126,918-833-8500
10598-01,The Caring Kitchen,35001 S 620 Rd,Grove,OK,74345,918-801-6447
10598-02,The Caring Kitchen Pantry,62094 E. 313 Road,Grove,OK,74344,918-801-3747
10599-01,White Oak Baptist Church,155 North Jones,Vinita,OK,74301,918-244-0508
10600-01,Trinity Baptist Church,Broadway & Main,Stigler,OK,74462,918-966-3452
10601-01,New Life Ministries,202 South Main,Taft,OK,74463,918-686-7874
10601-02,New Life Ministries/On-Site,202 South Main,Taft,OK,74463,918-686-7873
10602-01,Cathedral of Praise,4600 South 129th W Ave,Sand Springs,OK,74063,918-245-2434
10603-01,Tulsa Chapel of Restoration,13650 East 21st Street,Tulsa,OK,74134,918-392-0522
10604-01,Grace Apostolic Temple,1010 East 56th St N,Tulsa,OK,74126,918-428-1101
10605-01,Northstar Church/BP,114 South Mill Street,Pryor,OK,74361,9180825-2885
10606-01,First Grace Church,14699 South Birch,Glenpool,OK,74033,918-322-5255
10607-01,Christ for the World,170 North 24th Street,Muskogee,OK,74401,918-684-9963
10608-01,Calvary Tabernacle Church,5118 West 63rd St. S,Tulsa,OK,74131,918-445-0684
10609-01,Sallisaw Calvary Temple,108478 South 4570 Rd,Sallisaw,OK,74955,918-774-5617
10610-01,Aldersgate UMC,3702 South 90th E. Ave,Tulsa,OK,74145,918-627-4165
10611-01,Warner Community Food Pantry,204 2nd Street,Warner,OK,74469,918-680-1466
10612-01,First United Methodist Church,209 East Ada,Wilburton,OK,74578,918-465-6670
10613-01,First United Methodist Church,13800 East 106th St. N,Owasso,OK,74055,918-272-5731
10614-01,Latter House Outreach,4663 N. Cincinnati Ave,Tulsa,OK,74126,918-425-5208
10615-01,First Christian Church Owasso,10100 N. Garnett Rd,Owasso,OK,74055,918-272-9551
10615-02,First Christian Church Owasso,10100 N. Garnett Rd,Owasso,OK,74055,918-272-9551
10616-01,Senior Citizens of Chelsea,618 Pine Street,Chelsea,OK,74016,918-789-2326
10617-01,The Harbor,"114 ""D"" NE",Miami,OK,74354,918-542-5683
10618-01,Hospitality House of Tulsa,1135 S. Victor Ave,Tulsa,OK,74104,918-794-0088
10619-01,Olive FFA,9352 S. 436th W Ave,Drumright,OK,74030,918-284-1612
10620-01,Westside FWB,1403 S. Cheyenne Rd,Sapulpa,OK,74066,918-851-2153
10621-01,New Life Assembly of God,12215 North Garnett Road,Collinsville,OK,74021,918-371-5111
10623-01,Miami Ministerial Alliance,112 D Street NE,Miami,OK,74354,918-540-2815
10031-01,D.V.I.S.,1607 N. Hartford,Tulsa,OK,74106,918-584-7500
10137-02,World Won Ministry,1125 East 36th St N,Tulsa,OK,74106,918-425-5030
10162-01,Okay Area Senior Citizens,3701 East 75th St N,Okay,OK,74446,918-682-0255
10209-01,Youth Services of Creek County,1025 E Grayson St,Sapulpa,OK,74066,918-227-2622
10433-01,Pocola Senior Citizens,700 Faye Ave,Pocola,OK,74902,918-436-7273
10457-01,Lighthouse Outreach Ctr. Bartlesville,1411 W. Hensley,Bartlesville,OK,74003,918-336-9029
10578-01,Boys & Girls Club of McAlester,P O Box 1111,McAlester,OK,74502,918-426-5145
10574-01,Living Power Church,11444 East 20th Pl,Tulsa,OK,74128,918-698-1991
